"country","gender","age","employed","unemployed","economically_active_population","not_economically_active_population","attending_school","not_attending_school","literate","illiterate","population","population_<15","population_>60","population_15_59"
"Albania","Female","15-59","294458","122033","416491","623460","0","0","0","0","1039951",NULL,NULL,"1039951"
"Albania","Female",">60","5236","1722","6958","223705","0","0","0","0","230663",NULL,"230663",NULL
"Albania","Male","15-59","468212","178668","646880","381826","0","0","0","0","1028706",NULL,NULL,"1028706"
"Albania","Male",">60","34556","8253","42809","174729","0","0","0","0","217538",NULL,"217538",NULL
"Andorra","Female","15-59","0","0","0","0","0","0","0","0","0",NULL,NULL,"0"
"Andorra","Female","<15","0","0","0","0","0","0","0","0","0","0",NULL,NULL
"Andorra","Male","15-59","0","0","0","0","0","0","0","0","0",NULL,NULL,"0"
"Andorra","Male","<15","0","0","0","0","0","0","0","0","0","0",NULL,NULL
"Anguilla","Female","15-59","2528","188","2716","847","0","0","0","0","3563",NULL,NULL,"3563"
"Anguilla","Female","<15","0","0","0","1612","0","0","0","0","1612","1612",NULL,NULL
"Anguilla","Female",">60","102","10","112","507","0","0","0","0","619",NULL,"619",NULL
"Anguilla","Male","15-59","2828","182","3010","461","0","0","0","0","3471",NULL,NULL,"3471"
"Anguilla","Male","<15","0","0","0","1590","0","0","0","0","1590","1590",NULL,NULL
"Anguilla","Male",">60","186","26","212","332","0","0","0","0","544",NULL,"544",NULL
"Argentina","Female","15-59","6762650","665069","7427719","4749997","1841797","1566902","12114709","160618","12177716",NULL,NULL,"12177716"
"Argentina","Female","<15","0","0","0","0","3308974","78567","0","0","0","0",NULL,NULL
"Argentina","Female",">60","745475","24197","769672","2432585","0","0","2060698","81529","3202257",NULL,"3202257",NULL
"Argentina","Male","15-59","9339112","449216","9788328","1926078","1645849","1787668","11698005","195609","11714406",NULL,NULL,"11714406"
"Argentina","Male","<15","0","0","0","0","3401977","95147","0","0","0","0",NULL,NULL
"Argentina","Male",">60","1110304","36405","1146709","1237205","0","0","1719653","68268","2383914",NULL,"2383914",NULL
"Armenia","Female","15-59","657572","403546","1061118","677577","0","0","0","0","1738695",NULL,NULL,"1738695"
"Armenia","Female",">60","18939","5680","24619","57803","0","0","0","0","82422",NULL,"82422",NULL
"Armenia","Male","15-59","852527","360965","1213492","406625","0","0","0","0","1620117",NULL,NULL,"1620117"
"Armenia","Male",">60","28215","10391","38606","26278","0","0","0","0","64884",NULL,"64884",NULL
"Aruba","Female","15-59","40789.30000000035","4106.050000000005","44895.35000000036","19744.65000000001","3991","0","0","0","64640.00000000037",NULL,NULL,"64640.00000000037"
"Aruba","Female","<15","0","0","0","0","7029","0","0","0","0","0",NULL,NULL
"Aruba","Female",">60","1380.650000000002","98.95","1479.600000000002","7010.0499999999865","0","0","0","0","8489.649999999989",NULL,"8489.649999999989",NULL
"Aruba","Male","15-59","43119.000000000575","4199.350000000002","47318.35000000057","11528.74999999999","3810","0","0","0","58847.100000000566",NULL,NULL,"58847.100000000566"
"Aruba","Male","<15","0","0","0","0","7281","0","0","0","0","0",NULL,NULL
"Aruba","Male",">60","2033.2000000000007","139.1","2172.3000000000006","4512.249999999985","0","0","0","0","6684.5499999999865",NULL,"6684.5499999999865",NULL
"Australia","Female","15-59","18143417","1118116","19261533","5456548","0","0","0","0","24718081",NULL,NULL,"24718081"
"Australia","Female","<15","0","0","0","1915878","0","0","0","0","1915878","1915878",NULL,NULL
"Australia","Female",">60","1666568","56702","1723270","5703927","0","0","0","0","7427197",NULL,"7427197",NULL
"Australia","Male","15-59","19764096","1255411","21019507","3644315","0","0","0","0","24663822",NULL,NULL,"24663822"
"Australia","Male","<15","0","0","0","2021336","0","0","0","0","2021336","2021336",NULL,NULL
"Australia","Male",">60","2321674","107590","2429264","4352107","0","0","0","0","6781371",NULL,"6781371",NULL
"Austria","Female","15-59","3448541","240251","3688792","1383662","0","0","0","0","5072454",NULL,NULL,"5072454"
"Austria","Female","<15","0","0","0","1258793","0","0","0","0","1258793","1258793",NULL,NULL
"Austria","Female",">60","84100","766","84866","2035626","0","0","0","0","2120492",NULL,"2120492",NULL
"Austria","Male","15-59","4089917","258774","4348691","767035","0","0","0","0","5115726",NULL,NULL,"5115726"
"Austria","Male","<15","0","0","0","1322379","0","0","0","0","1322379","1322379",NULL,NULL
"Austria","Male",">60","128394","7573","135967","1409055","0","0","0","0","1545022",NULL,"1545022",NULL
"Azerbaijan","Female","15-59","2971493","437948","3409441","1755406","0","0","0","0","5164847",NULL,NULL,"5164847"
"Azerbaijan","Female","<15","0","0","0","984457","0","0","0","0","984457","984457",NULL,NULL
"Azerbaijan","Female",">60","63087","13393","76480","370580","0","0","0","0","447060",NULL,"447060",NULL
"Azerbaijan","Male","15-59","3780661","315918","4096579","785562","0","0","0","0","4882141",NULL,NULL,"4882141"
"Azerbaijan","Male","<15","0","0","0","1109173","0","0","0","0","1109173","1109173",NULL,NULL
"Azerbaijan","Male",">60","120360","11456","131816","240908","0","0","0","0","372724",NULL,"372724",NULL
"Bahamas","Female","15-59","0","0","0","0","14348","14507","0","0","0",NULL,NULL,"0"
"Bahamas","Female","<15","0","0","0","0","30946","771","0","0","0","0",NULL,NULL
"Bahamas","Male","15-59","0","0","0","0","12386","16440","0","0","0",NULL,NULL,"0"
"Bahamas","Male","<15","0","0","0","0","30790","827","0","0","0","0",NULL,NULL
"Bahrain","Female","15-59","381166","21801","402967","271689","0","0","307409","17600","674656",NULL,NULL,"674656"
"Bahrain","Female",">60","7669","1","7670","5478","0","0","4503","2290","13148",NULL,"13148",NULL
"Bahrain","Male","15-59","1395212","15346","1410558","97966","0","0","598863","19908","1508524",NULL,NULL,"1508524"
"Bahrain","Male",">60","22537","27","22564","3128","0","0","9379","633","25692",NULL,"25692",NULL
"Bangladesh","Female","15-59","36489388","236636","36726024","5857463","0","0","0","0","42583487",NULL,NULL,"42583487"
"Bangladesh","Female","<15","607698","15039","622737","23683147","0","0","0","0","24305884","24305884",NULL,NULL
"Bangladesh","Female",">60","3258700","6165","3264865","1779656","0","0","0","0","5044521",NULL,"5044521",NULL
"Bangladesh","Male","15-59","33774729","800400","34575129","6233764","0","0","0","0","40808893",NULL,NULL,"40808893"
"Bangladesh","Male","<15","942287","56365","998652","24577273","0","0","0","0","25575925","25575925",NULL,NULL
"Bangladesh","Male",">60","4364258","15696","4379954","1345021","0","0","0","0","5724975",NULL,"5724975",NULL
"Belarus","Female","15-59","6572442","356008","6928450","2269609","0","0","0","0","9198059",NULL,NULL,"9198059"
"Belarus","Female","<15","0","0","0","1636520","0","0","0","0","1636520","1636520",NULL,NULL
"Belarus","Female",">60","302286","8338","310624","1680662","0","0","0","0","1991286",NULL,"1991286",NULL
"Belarus","Male","15-59","6627255","462007","7089262","1674644","0","0","0","0","8763906",NULL,NULL,"8763906"
"Belarus","Male","<15","0","0","0","1724861","0","0","0","0","1724861","1724861",NULL,NULL
"Belarus","Male",">60","366235","27993","394228","959869","0","0","0","0","1354097",NULL,"1354097",NULL
"Belgium","Female","15-59","3637632","466127","4103759","2105033","0","0","0","0","6208792",NULL,NULL,"6208792"
"Belgium","Female","<15","0","0","0","1776003","0","0","0","0","1776003","1776003",NULL,NULL
"Belgium","Female",">60","80911","8548","89459","2538304","0","0","0","0","2627763",NULL,"2627763",NULL
"Belgium","Male","15-59","4491513","392766","4884279","1449814","0","0","0","0","6334093",NULL,NULL,"6334093"
"Belgium","Male","<15","0","0","0","1856753","0","0","0","0","1856753","1856753",NULL,NULL
"Belgium","Male",">60","165219","6074","171293","1878472","0","0","0","0","2049765",NULL,"2049765",NULL
"Benin","Female","15-59","2284287","27969","2312256","2003252","0","0","0","0","4315508",NULL,NULL,"4315508"
"Benin","Female","<15","373700","6870","380570","1871257","0","0","0","0","2251827","2251827",NULL,NULL
"Benin","Female",">60","191385","300","191685","252920","0","0","0","0","444605",NULL,"444605",NULL
"Benin","Male","15-59","2738080","55604","2793684","1005538","0","0","0","0","3799222",NULL,NULL,"3799222"
"Benin","Male","<15","415401","7773","423174","1948540","0","0","0","0","2371714","2371714",NULL,NULL
"Benin","Male",">60","281194","553","281747","89519","0","0","0","0","371266",NULL,"371266",NULL
"Bermuda","Female","15-59","47209","2843","50052","11466","2297","1068","0","0","61518",NULL,NULL,"61518"
"Bermuda","Female","<15","140","50","190","5733","3355","107","0","0","5923","5923",NULL,NULL
"Bermuda","Female",">60","6681","244","6925","13840","0","0","0","0","20765",NULL,"20765",NULL
"Bermuda","Male","15-59","48597","3545","52142","6529","1995","1204","0","0","58671",NULL,NULL,"58671"
"Bermuda","Male","<15","133","52","185","5685","3328","126","0","0","5870","5870",NULL,NULL
"Bermuda","Male",">60","7260","315","7575","8380","0","0","0","0","15955",NULL,"15955",NULL
"Bhutan","Female","15-59","199339","6815","206154","191297","0","0","0","0","397451",NULL,NULL,"397451"
"Bhutan","Female",">60","9150","36","9186","8035","0","0","0","0","17221",NULL,"17221",NULL
"Bhutan","Male","15-59","331840","8975","340815","116393","0","0","0","0","457208",NULL,NULL,"457208"
"Bhutan","Male",">60","13020","74","13094","4968","0","0","0","0","18062",NULL,"18062",NULL
"Bolivia (Plurinational State of)","Female","15-59","1693192","25418","1718610","1295310","0","0","0","0","3013920",NULL,NULL,"3013920"
"Bolivia (Plurinational State of)","Female",">60","203067","765","203832","264232","0","0","0","0","468064",NULL,"468064",NULL
"Bolivia (Plurinational State of)","Male","15-59","2352407","32432","2384839","606168","0","0","0","0","2991007",NULL,NULL,"2991007"
"Bolivia (Plurinational State of)","Male",">60","281260","2276","283536","124551","0","0","0","0","408087",NULL,"408087",NULL
"Botswana","Female","15-59","176563","56845","233408","262031","0","0","0","0","495439",NULL,NULL,"495439"
"Botswana","Female",">60","6404","417","6821","57122","0","0","0","0","63943",NULL,"63943",NULL
"Botswana","Male","15-59","244789","50203","294992","157867","0","0","0","0","452859",NULL,NULL,"452859"
"Botswana","Male",">60","15832","871","16703","31027","0","0","0","0","47730",NULL,"47730",NULL
"Brazil","Female","15-59","57879190.47272408","9882059.714434983","67761250.18715906","49061195.92359326","8082152","8960226","59548496","3799890","116822446.11075231",NULL,NULL,"116822446.11075231"
"Brazil","Female","<15","370466","206907","577373","7992471","15164489","619708","0","0","8569844","8569844",NULL,NULL
"Brazil","Female",">60","2617728.007647813","117784.79459795216","2735512.802245765","16714546.82903301","0","0","6137964","2021118","19450059.631278776",NULL,"19450059.631278776",NULL
"Brazil","Male","15-59","83536643.65372469","8070980.697191063","91607624.35091574","20812887.766875584","7859688","9325585","56211845","4672325","112420512.11779132",NULL,NULL,"112420512.11779132"
"Brazil","Male","<15","771972","275193","1047165","7736673","15632089","718615","0","0","8783838","8783838",NULL,NULL
"Brazil","Male",">60","5738304.765405297","239970.67666973703","5978275.442075035","9699542.22710663","0","0","5360784","1571669","15677817.669181664",NULL,"15677817.669181664",NULL
"British Virgin Islands","Female","<15","0","0","0","0","0","0","0","0","0","0",NULL,NULL
"British Virgin Islands","Male","<15","0","0","0","0","0","0","0","0","0","0",NULL,NULL
"Brunei Darussalam","Female","15-59","158391","15657","174048","98335","0","0","0","0","272383",NULL,NULL,"272383"
"Brunei Darussalam","Female",">60","2079","59","2138","28099","0","0","0","0","30237",NULL,"30237",NULL
"Brunei Darussalam","Male","15-59","230619","14100","244719","60077","0","0","0","0","304796",NULL,NULL,"304796"
"Brunei Darussalam","Male",">60","5010","85","5095","22985","0","0","0","0","28080",NULL,"28080",NULL
"Bulgaria","Female","15-59","3651905","901972","4553877","1878817","0","0","0","0","6432694",NULL,NULL,"6432694"
"Bulgaria","Female","<15","50","0","50","590479","0","0","0","0","590529","590529",NULL,NULL
"Bulgaria","Female",">60","239194","17352","256546","3015372","0","0","0","0","3271918",NULL,"3271918",NULL
"Bulgaria","Male","15-59","3856394","1091392","4947786","1636604","0","0","0","0","6584390",NULL,NULL,"6584390"
"Bulgaria","Male","<15","47","0","47","621966","0","0","0","0","622013","622013",NULL,NULL
"Bulgaria","Male",">60","346560","33747","380307","2013608","0","0","0","0","2393915",NULL,"2393915",NULL
"Burkina Faso","Female","15-59","2250132","39142","2289274","1347200","0","0","0","0","3636474",NULL,NULL,"3636474"
"Burkina Faso","Female",">60","162767","417","163184","216115","0","0","0","0","379299",NULL,"379299",NULL
"Burkina Faso","Male","15-59","2620324","83418","2703742","390775","0","0","0","0","3094517",NULL,NULL,"3094517"
"Burkina Faso","Male",">60","252637","762","253399","79875","0","0","0","0","333274",NULL,"333274",NULL
"Burundi","Female","15-59","1427429","22056","1449485","616603","0","0","0","0","2066088",NULL,NULL,"2066088"
"Burundi","Female",">60","578390","680","579070","47847","0","0","0","0","626917",NULL,"626917",NULL
"Burundi","Male","15-59","1315620","24192","1339812","603039","0","0","0","0","1942851",NULL,NULL,"1942851"
"Burundi","Male",">60","125884","1162","127046","33140","0","0","0","0","160186",NULL,"160186",NULL
"Cambodia","Female","15-59","5524537","205854","5730391","1629640","0","0","0","0","7360031",NULL,NULL,"7360031"
"Cambodia","Female","<15","89731","6722","96453","4497934","0","0","0","0","4594387","4594387",NULL,NULL
"Cambodia","Female",">60","413996","9606","423602","427856","0","0","0","0","851458",NULL,"851458",NULL
"Cambodia","Male","15-59","5240964","158204","5399168","1213206","0","0","0","0","6612374",NULL,NULL,"6612374"
"Cambodia","Male","<15","76517","5351","81868","4735345","0","0","0","0","4817213","4817213",NULL,NULL
"Cambodia","Male",">60","435263","5598","440861","157014","0","0","0","0","597875",NULL,"597875",NULL
"Canada","Female","15-59","41803900","3724260","45528160","15012920","0","0","0","0","60541080",NULL,NULL,"60541080"
"Canada","Female","<15","0","0","0","11163190","0","0","0","0","11163190","11163190",NULL,NULL
"Canada","Female",">60","3330410","287980","3618390","17006435","0","0","0","0","20624825",NULL,"20624825",NULL
"Canada","Male","15-59","45202885","4176050","49378935","10063030","0","0","0","0","59441965",NULL,NULL,"59441965"
"Canada","Male","<15","0","0","0","11736640","0","0","0","0","11736640","11736640",NULL,NULL
"Canada","Male",">60","4844620","433720","5278340","12546800","0","0","0","0","17825140",NULL,"17825140",NULL
"Cayman Islands","Female","15-59","16333","1013","17346","3131","1640.87694825","1290.377607729","0","0","20477",NULL,NULL,"20477"
"Cayman Islands","Female","<15","0","0","0","4890","3078.0822151","18.38688671","0","0","4890","4890",NULL,NULL
"Cayman Islands","Female",">60","811","40","851","1600","0","0","0","0","2451",NULL,"2451",NULL
"Cayman Islands","Male","15-59","16710","1196","17906","1973","1446.90120028","1372.246357372","0","0","19879",NULL,NULL,"19879"
"Cayman Islands","Male","<15","0","0","0","5078","3139.6537120000003","15.341812809","0","0","5078","5078",NULL,NULL
"Cayman Islands","Male",">60","1129","81","1210","1051","0","0","0","0","2261",NULL,"2261",NULL
"Chile","Female","15-59","2993424","237524","3230948","2300135","0","0","0","0","5531083",NULL,NULL,"5531083"
"Chile","Female",">60","301286","6967","308253","1247828","0","0","0","0","1556081",NULL,"1556081",NULL
"Chile","Male","15-59","4042140","330266","4372406","1039273","0","0","0","0","5411679",NULL,NULL,"5411679"
"Chile","Male",">60","591218","22853","614071","628479","0","0","0","0","1242550",NULL,"1242550",NULL
"China","Female","15-59","28795604","953049","29748653","9391002","4158583","6036856","445980436","12418737","39139655",NULL,NULL,"39139655"
"China","Female","<15","0","0","0","0","5721381","110496","0","0","0","0",NULL,NULL
"China","Female",">60","2085376","16813","2102189","6948833","0","0","50896639","14869972","9051022",NULL,"9051022",NULL
"China","Male","15-59","35100211","935893","36036104","3516820","4388736","6129114","470830673","4663962","39552924",NULL,NULL,"39552924"
"China","Male","<15","0","0","0","0","6719075","133029","0","0","0","0",NULL,NULL
"China","Male",">60","3256716","23819","3280535","5327145","0","0","61734285","5252065","8607680",NULL,"8607680",NULL
"China, Hong Kong SAR","Female","15-59","2586804","46296","2633100","5251129","0","0","0","0","7884229",NULL,NULL,"7884229"
"China, Hong Kong SAR","Female","<15","0","0","0","2736286","0","0","0","0","2736286","2736286",NULL,NULL
"China, Hong Kong SAR","Female",">60","56892","713","57605","3776345","0","0","0","0","3833950",NULL,"3833950",NULL
"China, Hong Kong SAR","Male","15-59","3437267","86995","3524262","2325638","0","0","0","0","5849900",NULL,NULL,"5849900"
"China, Hong Kong SAR","Male","<15","0","0","0","2925697","0","0","0","0","2925697","2925697",NULL,NULL
"China, Hong Kong SAR","Male",">60","215441","4795","220236","2777774","0","0","0","0","2998010",NULL,"2998010",NULL
"China, Macao SAR","Female","15-59","601580","20980","622560","183837","0","0","0","0","806397",NULL,NULL,"806397"
"China, Macao SAR","Female",">60","26064","500","26564","77162","0","0","0","0","103726",NULL,"103726",NULL
"China, Macao SAR","Male","15-59","595594","25270","620864","86311","0","0","0","0","707175",NULL,NULL,"707175"
"China, Macao SAR","Male",">60","42644","1085","43729","56096","0","0","0","0","99825",NULL,"99825",NULL
"Colombia","Female","15-59","4607466","391119","4998585","7528184","0","0","0","0","12526769",NULL,NULL,"12526769"
"Colombia","Female",">60","149080","6195","155275","1763105","0","0","0","0","1918380",NULL,"1918380",NULL
"Colombia","Male","15-59","7907541","657393","8564934","2954249","0","0","0","0","11519183",NULL,NULL,"11519183"
"Colombia","Male",">60","612845","41934","654779","967459","0","0","0","0","1622238",NULL,"1622238",NULL
"Cook Islands","Female","15-59","3019","282","3301","1100","0","0","0","0","4401",NULL,NULL,"4401"
"Cook Islands","Female",">60","211","3","214","757","0","0","0","0","971",NULL,"971",NULL
"Cook Islands","Male","15-59","3382","325","3707","612","0","0","0","0","4319",NULL,NULL,"4319"
"Cook Islands","Male",">60","326","6","332","619","0","0","0","0","951",NULL,"951",NULL
"Costa Rica","Female","15-59","932860","27898","960758","1603826","0","0","0","0","2564584",NULL,NULL,"2564584"
"Costa Rica","Female",">60","27752","288","28040","360321","0","0","0","0","388361",NULL,"388361",NULL
"Costa Rica","Male","15-59","1878593","87371","1965964","458001","0","0","0","0","2423965",NULL,NULL,"2423965"
"Costa Rica","Male",">60","122693","3844","126537","209040","0","0","0","0","335577",NULL,"335577",NULL
"Croatia","Female","15-59","1319873","318391","1638264","1005753","0","0","0","0","2644017",NULL,NULL,"2644017"
"Croatia","Female","<15","0","0","0","368467","0","0","0","0","368467","368467",NULL,NULL
"Croatia","Female",">60","51942","1083","53025","1122961","0","0","0","0","1175986",NULL,"1175986",NULL
"Croatia","Male","15-59","1593624","362720","1956344","703179","0","0","0","0","2659523",NULL,NULL,"2659523"
"Croatia","Male","<15","0","0","0","386167","0","0","0","0","386167","386167",NULL,NULL
"Croatia","Male",">60","85733","7990","93723","715278","0","0","0","0","809001",NULL,"809001",NULL
"Cuba","Female","15-59","3213193","93262","3306455","3890940","0","0","0","0","7197395",NULL,NULL,"7197395"
"Cuba","Female",">60","99591","0","99591","1294868","0","0","0","0","1394459",NULL,"1394459",NULL
"Cuba","Male","15-59","5361286","214109","5575395","1672714","0","0","0","0","7248109",NULL,NULL,"7248109"
"Cuba","Male",">60","354579","1169","355748","934607","0","0","0","0","1290355",NULL,"1290355",NULL
"Cyprus","Female","15-59","119948","4633","124581","93557","0","0","0","0","218138",NULL,NULL,"218138"
"Cyprus","Female",">60","3457","83","3540","56711","0","0","0","0","60251",NULL,"60251",NULL
"Cyprus","Male","15-59","158434","5392","163826","37434","0","0","0","0","201260",NULL,NULL,"201260"
"Cyprus","Male",">60","10498","351","10849","40107","0","0","0","0","50956",NULL,"50956",NULL
"Czechia","Female","15-59","6227138","601022","6828160","2371550","0","0","0","0","9199710",NULL,NULL,"9199710"
"Czechia","Female","<15","0","0","0","2355597","0","0","0","0","2355597","2355597",NULL,NULL
"Czechia","Female",">60","411605","9708","421313","3603661","0","0","0","0","4024974",NULL,"4024974",NULL
"Czechia","Male","15-59","7361036","624154","7985190","1407859","0","0","0","0","9393049",NULL,NULL,"9393049"
"Czechia","Male","<15","0","0","0","2478585","0","0","0","0","2478585","2478585",NULL,NULL
"Czechia","Male",">60","631566","24168","655734","2281551","0","0","0","0","2937285",NULL,"2937285",NULL
"Denmark","Female","15-59","1219868","57685","1277553","345330","0","0","0","0","1622883",NULL,NULL,"1622883"
"Denmark","Female","<15","6437","0","6437","489210","0","0","0","0","495647","495647",NULL,NULL
"Denmark","Female",">60","55072","1258","56330","546224","0","0","0","0","602554",NULL,"602554",NULL
"Denmark","Male","15-59","1336627","57792","1394419","269954","0","0","0","0","1664373",NULL,NULL,"1664373"
"Denmark","Male","<15","9952","0","9952","512030","0","0","0","0","521982","521982",NULL,NULL
"Denmark","Male",">60","113430","2515","115945","360123","0","0","0","0","476068",NULL,"476068",NULL
"Dominica","Female","15-59","9199","1006","10205","8482","0","0","0","0","18687",NULL,NULL,"18687"
"Dominica","Female",">60","609","18","627","4486","0","0","0","0","5113",NULL,"5113",NULL
"Dominica","Male","15-59","13747","1979","15726","4073","0","0","0","0","19799",NULL,NULL,"19799"
"Dominica","Male",">60","1256","51","1307","2711","0","0","0","0","4018",NULL,"4018",NULL
"Dominican Republic","Female","15-59","2241613","327871","2569484","2787472","516753","411895","2624399","258794","5356956",NULL,NULL,"5356956"
"Dominican Republic","Female","<15","0","0","0","0","892175","50760","0","0","0","0",NULL,NULL
"Dominican Republic","Female",">60","121188","11607","132795","649229","0","0","227399","82293","782024",NULL,"782024",NULL
"Dominican Republic","Male","15-59","3396414","352718","3749132","1559891","456698","474811","2563866","333632","5309023",NULL,NULL,"5309023"
"Dominican Republic","Male","<15","0","0","0","0","902083","67203","0","0","0","0",NULL,NULL
"Dominican Republic","Male",">60","337039","36968","374007","372111","0","0","227941","74531","746118",NULL,"746118",NULL
"Ecuador","Female","15-59","1915603","138188","2053791","2325376","678606","680369","4185045","194122","4379167",NULL,NULL,"4379167"
"Ecuador","Female","<15","0","0","0","0","1424527","84754","0","0","0","0",NULL,NULL
"Ecuador","Female",">60","163838","1545","165383","534013","0","0","374595","120651","699396",NULL,"699396",NULL
"Ecuador","Male","15-59","3250464","181126","3431590","802653","659614","693074","4079026","155217","4234243",NULL,NULL,"4234243"
"Ecuador","Male","<15","0","0","0","0","1464387","92480","0","0","0","0",NULL,NULL
"Ecuador","Male",">60","367825","5090","372915","269353","0","0","391210","78211","642268",NULL,"642268",NULL
"El Salvador","Female","15-59","664208","76424","740632","1026893","0","0","0","0","1767525",NULL,NULL,"1767525"
"El Salvador","Female",">60","47437","15338","62775","239420","0","0","0","0","302195",NULL,"302195",NULL
"El Salvador","Male","15-59","977797","82600","1060397","427033","0","0","0","0","1487430",NULL,NULL,"1487430"
"El Salvador","Male",">60","101666","18768","120434","119562","0","0","0","0","239996",NULL,"239996",NULL
"Equatorial Guinea","Female","15-59","181085.83582745108","39015.0150807197","220100.8509081708","178352.28356614857","0","0","0","0","398453.13447431935",NULL,NULL,"398453.13447431935"
"Equatorial Guinea","Female","<15","0","0","0","244284.683798632","0","0","0","0","244284.683798632","244284.683798632",NULL,NULL
"Equatorial Guinea","Male","15-59","197503.8379736724","40792.537041186384","238296.3750148588","228665.3470612498","0","0","0","0","466961.72207610856",NULL,NULL,"466961.72207610856"
"Equatorial Guinea","Male","<15","0","0","0","274652.563194751","0","0","0","0","274652.563194751","274652.563194751",NULL,NULL
"Estonia","Female","15-59","782093","83875","865968","321550","0","0","0","0","1187518",NULL,NULL,"1187518"
"Estonia","Female","<15","0","0","0","106091","0","0","0","0","106091","106091",NULL,NULL
"Estonia","Female",">60","111148","3410","114558","494476","0","0","0","0","609034",NULL,"609034",NULL
"Estonia","Male","15-59","763497","108445","871942","292941","0","0","0","0","1164883",NULL,NULL,"1164883"
"Estonia","Male","<15","0","0","0","111701","0","0","0","0","111701","111701",NULL,NULL
"Estonia","Male",">60","91331","5222","96553","248798","0","0","0","0","345351",NULL,"345351",NULL
"Eswatini","Female","15-59","155649","104282","259931","241925","0","0","0","0","501856",NULL,NULL,"501856"
"Eswatini","Female",">60","5923","2056","7979","28853","0","0","0","0","36832",NULL,"36832",NULL
"Eswatini","Male","15-59","206170","79673","285843","150919","0","0","0","0","436762",NULL,NULL,"436762"
"Eswatini","Male",">60","7858","2592","10450","14780","0","0","0","0","25230",NULL,"25230",NULL
"Ethiopia","Female","15-59","12214102","620931","12835033","5892152","0","0","0","0","18727185",NULL,NULL,"18727185"
"Ethiopia","Female",">60","844415","18522","862937","757806","0","0","0","0","1620743",NULL,"1620743",NULL
"Ethiopia","Male","15-59","14428746","524604","14953350","3319832","0","0","0","0","18273182",NULL,NULL,"18273182"
"Ethiopia","Male",">60","1504116","31344","1535460","410174","0","0","0","0","1945634",NULL,"1945634",NULL
"Fiji","Female","15-59","84770","7290","92060","135272","0","0","0","0","227332",NULL,NULL,"227332"
"Fiji","Female",">60","5285","373","5658","15201","0","0","0","0","20859",NULL,"20859",NULL
"Fiji","Male","15-59","179632","9227","188859","44915","0","0","0","0","233774",NULL,NULL,"233774"
"Fiji","Male",">60","10818","375","11193","7755","0","0","0","0","18948",NULL,"18948",NULL
"Finland","Female","15-59","4082195","567644","4649839","1539205","236329","86208","0","0","6189044",NULL,NULL,"6189044"
"Finland","Female","<15","0","0","0","1783881","275492","13094","0","0","1783881","1783881",NULL,NULL
"Finland","Female",">60","265457","43416","308873","2541551","0","0","0","0","2850424",NULL,"2850424",NULL
"Finland","Male","15-59","4183179","739279","4922458","1477481","225139","111432","0","0","6399939",NULL,NULL,"6399939"
"Finland","Male","<15","0","0","0","1863436","288143","13480","0","0","1863436","1863436",NULL,NULL
"Finland","Male",">60","254576","48367","302943","1842523","0","0","0","0","2145466",NULL,"2145466",NULL
"France","Female","15-59","22346410.653401986","3946833.465621282","26293244.119023267","10385283.891510814","0","0","0","0","36678528.01053408",NULL,NULL,"36678528.01053408"
"France","Female","<15","3489.52088034641","849.946814298253","4339.467694644663","11346371.65273384","0","0","0","0","11350711.120428484","11350711.120428484",NULL,NULL
"France","Female",">60","806747.0618063238","89950.75327741112","896697.8150837349","15199100.02291085","0","0","0","0","16095797.837994585",NULL,"16095797.837994585",NULL
"France","Male","15-59","25653440.32053416","3661081.489322765","29314521.80985692","6876247.956737576","0","0","0","0","36190769.7665945",NULL,NULL,"36190769.7665945"
"France","Male","<15","4561.44675089737","912.30237272151","5473.74912361888","11877523.25870728","0","0","0","0","11882997.007830895","11882997.007830895",NULL,NULL
"France","Male",">60","836712.8226445413","86667.64590407838","923380.4685486197","11270576.111006651","0","0","0","0","12193956.579555271",NULL,"12193956.579555271",NULL
"French Guiana","Female","15-59","28477.2444775508","19356.52620147344","47833.77067902424","30211.65963618485","0","0","0","0","78045.43031520909",NULL,NULL,"78045.43031520909"
"French Guiana","Female","<15","23.7156990430794","63.6249639429695","87.3406629860489","42665.077331335","0","0","0","0","42752.41799432105","42752.41799432105",NULL,NULL
"French Guiana","Female",">60","1528.7391168883307","394.41589115670274","1923.1550080450331","8276.186851962539","0","0","0","0","10199.341860007573",NULL,"10199.341860007573",NULL
"French Guiana","Male","15-59","33238.53311449044","14360.125385617994","47598.65850010843","27143.403707944908","0","0","0","0","74742.06220805334",NULL,NULL,"74742.06220805334"
"French Guiana","Male","<15","35.1233578920105","48.1023451380949","83.2257030301054","44059.9496171676","0","0","0","0","44143.1753201977","44143.1753201977",NULL,NULL
"French Guiana","Male",">60","2247.293284948107","542.7769405183548","2790.070225466462","6991.45741405374","0","0","0","0","9781.527639520202",NULL,"9781.527639520202",NULL
"French Polynesia","Female","15-59","37749","5659","43408","38962","0","0","0","0","82370",NULL,NULL,"82370"
"French Polynesia","Female",">60","835","3","838","10520","0","0","0","0","11358",NULL,"11358",NULL
"French Polynesia","Male","15-59","55071","6990","62061","25088","0","0","0","0","87149",NULL,NULL,"87149"
"French Polynesia","Male",">60","1603","16","1619","9680","0","0","0","0","11299",NULL,"11299",NULL
"Georgia","Female","15-59","549211","160888","710099","416100","0","0","0","0","1126199",NULL,NULL,"1126199"
"Georgia","Female",">60","170588","8231","178819","248596","0","0","0","0","427415",NULL,"427415",NULL
"Georgia","Male","15-59","704362","131959","836321","242274","0","0","0","0","1078595",NULL,NULL,"1078595"
"Georgia","Male",">60","190164","9370","199534","85671","0","0","0","0","285205",NULL,"285205",NULL
"Germany","Female","15-59","32983530","2310590","35294120","12848000","0","0","0","0","48142120",NULL,NULL,"48142120"
"Germany","Female","<15","0","0","0","11369660","0","0","0","0","11369660","11369660",NULL,NULL
"Germany","Female",">60","2069430","95980","2165410","21052330","0","0","0","0","23217740",NULL,"23217740",NULL
"Germany","Male","15-59","38679910","2712290","41392200","7311690","0","0","0","0","48703890",NULL,NULL,"48703890"
"Germany","Male","<15","0","0","0","11867990","0","0","0","0","11867990","11867990",NULL,NULL
"Germany","Male",">60","3098530","178520","3277050","14540700","0","0","0","0","17817750",NULL,"17817750",NULL
"Ghana","Female","15-59","8111977","698723","8810700","3232989","1042309","1057068","4959932","2104214","12043689",NULL,NULL,"12043689"
"Ghana","Female","<15","287478","74038","361516","1561929","2659105","21040","0","0","1923445","1923445",NULL,NULL
"Ghana","Female",">60","807564","62035","869599","738643","0","0","194805","413439","1608242",NULL,"1608242",NULL
"Ghana","Male","15-59","7877639","604054","8481693","2779607","1249670","880786","5262242","1238656","11261300",NULL,NULL,"11261300"
"Ghana","Male","<15","310427","75261","385688","1581831","2739444","16862","0","0","1967519","1967519",NULL,NULL
"Ghana","Male",">60","879155","70250","949405","451025","0","0","310553","202253","1400430",NULL,"1400430",NULL
"Greece","Female","15-59","2904662","585538","3490200","3118736","0","0","0","0","6608936",NULL,NULL,"6608936"
"Greece","Female","<15","0","0","0","1569966","0","0","0","0","1569966","1569966",NULL,NULL
"Greece","Female",">60","113983","10515","124498","2730334","0","0","0","0","2854832",NULL,"2854832",NULL
"Greece","Male","15-59","4520833","755159","5275992","1433360","0","0","0","0","6709352",NULL,NULL,"6709352"
"Greece","Male","<15","0","0","0","1660201","0","0","0","0","1660201","1660201",NULL,NULL
"Greece","Male",">60","290104","15971","306075","2041021","0","0","0","0","2347096",NULL,"2347096",NULL
"Guadeloupe","Female","15-59","60638.664349244806","30328.776232357766","90967.44058160255","33805.97635893537","0","0","0","0","124773.41694053794",NULL,NULL,"124773.41694053794"
"Guadeloupe","Female","<15","24.9298303672832","10.1022254371008","35.032055804384","38909.98197642","0","0","0","0","38945.01403222438","38945.01403222438",NULL,NULL
"Guadeloupe","Female",">60","5606.318330772567","740.2645377125333","6346.5828684851","43990.67012241429","0","0","0","0","50337.25299089939",NULL,"50337.25299089939",NULL
"Guadeloupe","Male","15-59","56417.29407272852","21337.80968049212","77755.10375322064","27137.384735836546","0","0","0","0","104892.48848905718",NULL,NULL,"104892.48848905718"
"Guadeloupe","Male","<15","49.6802283222702","2.51165462074996","52.19188294302016","40365.6740860996","0","0","0","0","40417.86596904262","40417.86596904262",NULL,NULL
"Guadeloupe","Male",">60","5890.30960558227","783.1299221689756","6673.439527751245","32129.90661258561","0","0","0","0","38803.34614033686",NULL,"38803.34614033686",NULL
"Guernsey","Female","15-59","26073","293","26366","10391","0","0","0","0","36757",NULL,NULL,"36757"
"Guernsey","Female","<15","0","0","0","9597","0","0","0","0","9597","9597",NULL,NULL
"Guernsey","Female",">60","2123","11","2134","13380","0","0","0","0","15514",NULL,"15514",NULL
"Guernsey","Male","15-59","30409","567","30976","5353","0","0","0","0","36329",NULL,NULL,"36329"
"Guernsey","Male","<15","0","0","0","10139","0","0","0","0","10139","10139",NULL,NULL
"Guernsey","Male",">60","3199","56","3255","9376","0","0","0","0","12631",NULL,"12631",NULL
"Hungary","Female","15-59","3433016","419209","3852225","2485632","0","0","0","0","6337857",NULL,NULL,"6337857"
"Hungary","Female","<15","0","0","0","1531968","0","0","0","0","1531968","1531968",NULL,NULL
"Hungary","Female",">60","95469","5240","100709","2596280","0","0","0","0","2696989",NULL,"2696989",NULL
"Hungary","Male","15-59","3971579","553115","4524694","1718127","0","0","0","0","6242821",NULL,NULL,"6242821"
"Hungary","Male","<15","0","0","0","1610627","0","0","0","0","1610627","1610627",NULL,NULL
"Hungary","Male",">60","132928","7143","140071","1575610","0","0","0","0","1715681",NULL,"1715681",NULL
"Indonesia","Female","15-59","105094216","14003133","119097349","93273615","6583695","13505810","69911115","4783061","212370964",NULL,NULL,"212370964"
"Indonesia","Female","<15","0","0","0","0","18368516","3842106","0","0","0","0",NULL,NULL
"Indonesia","Female",">60","4964834","117829","5082663","7391506","0","0","4458157","3062586","12474169",NULL,"12474169",NULL
"Indonesia","Male","15-59","169497023","12236496","181733519","31767685","6851896","13404458","72810633","2764283","213501204",NULL,NULL,"213501204"
"Indonesia","Male","<15","0","0","0","0","19237415","4317655","0","0","0","0",NULL,NULL
"Indonesia","Male",">60","8027602","71183","8098785","2782530","0","0","5300795","1375034","10881315",NULL,"10881315",NULL
"Iran (Islamic Republic of)","Female","15-59","6806761","1908745","8715506","55765782","0","0","0","0","64481288",NULL,NULL,"64481288"
"Iran (Islamic Republic of)","Female",">60","101773","3071","104844","2227757","0","0","0","0","2332601",NULL,"2332601",NULL
"Iran (Islamic Republic of)","Male","15-59","44438177","5711307","50149484","15412495","0","0","0","0","65561979",NULL,NULL,"65561979"
"Iran (Islamic Republic of)","Male",">60","1327687","73269","1400956","946704","0","0","0","0","2347660",NULL,"2347660",NULL
"Iraq","Female","15-59","381044","9634","390678","4495506","0","0","0","0","4886184",NULL,NULL,"4886184"
"Iraq","Female",">60","3901","56","3957","124193","0","0","0","0","128150",NULL,"128150",NULL
"Iraq","Male","15-59","3253029","578574","3831603","975741","0","0","0","0","4807344",NULL,NULL,"4807344"
"Iraq","Male",">60","55645","6338","61983","48307","0","0","0","0","110290",NULL,"110290",NULL
"Ireland","Female","15-59","2733259","338225","3071484","2057060","0","0","0","0","5128544",NULL,NULL,"5128544"
"Ireland","Female","<15","0","0","0","1303190","0","0","0","0","1303190","1303190",NULL,NULL
"Ireland","Female",">60","125291","13267","138558","1242860","0","0","0","0","1381418",NULL,"1381418",NULL
"Ireland","Male","15-59","3546247","606448","4152695","1013347","0","0","0","0","5166042",NULL,NULL,"5166042"
"Ireland","Male","<15","0","0","0","1368277","0","0","0","0","1368277","1368277",NULL,NULL
"Ireland","Male",">60","281428","32433","313861","850634","0","0","0","0","1164495",NULL,"1164495",NULL
"Isle of Man","Female","15-59","48367","1026","49393","16380","0","0","0","0","65773",NULL,NULL,"65773"
"Isle of Man","Female","<15","0","0","0","12773","0","0","0","0","12773","12773",NULL,NULL
"Isle of Man","Female",">60","3312","35","3347","27351","0","0","0","0","30698",NULL,"30698",NULL
"Isle of Man","Male","15-59","55387","1666","57053","8385","0","0","0","0","65438",NULL,NULL,"65438"
"Isle of Man","Male","<15","0","0","0","13463","0","0","0","0","13463","13463",NULL,NULL
"Isle of Man","Male",">60","5961","123","6084","18979","0","0","0","0","25063",NULL,"25063",NULL
"Israel","Female","15-59","2036735","185810","2222545","1537980","0","0","0","0","3760525",NULL,NULL,"3760525"
"Israel","Female",">60","122850","5115","127965","546685","0","0","0","0","674650",NULL,"674650",NULL
"Israel","Male","15-59","2370715","153725","2524440","1132535","0","0","0","0","3656975",NULL,NULL,"3656975"
"Israel","Male",">60","215135","9270","224405","325360","0","0","0","0","549765",NULL,"549765",NULL
"Italy","Female","15-59","17111890","2899144","20011034","14968615","0","0","0","0","34979649",NULL,NULL,"34979649"
"Italy","Female","<15","0","0","0","4041010","0","0","0","0","4041010","4041010",NULL,NULL
"Italy","Female",">60","661166","30180","691346","16442163","0","0","0","0","17133509",NULL,"17133509",NULL
"Italy","Male","15-59","24507499","2693234","27200733","7583953","0","0","0","0","34784686",NULL,NULL,"34784686"
"Italy","Male","<15","0","0","0","4285033","0","0","0","0","4285033","4285033",NULL,NULL
"Italy","Male",">60","1731017","93427","1824444","11277972","0","0","0","0","13102416",NULL,"13102416",NULL
"Jamaica","Female","15-59","745029","132331","877360","701168","0","0","0","0","1578528",NULL,NULL,"1578528"
"Jamaica","Female",">60","48089","2466","50555","238947","0","0","0","0","289502",NULL,"289502",NULL
"Jamaica","Male","15-59","980473","182099","1162572","323515","0","0","0","0","1486087",NULL,NULL,"1486087"
"Jamaica","Male",">60","98650","6980","105630","150557","0","0","0","0","256187",NULL,"256187",NULL
"Japan","Female","15-59","129014639","6003316","135017955","72538279","0","0","0","0","207556234",NULL,NULL,"207556234"
"Japan","Female",">60","25602739","617561","26220300","89158761","0","0","0","0","115379061",NULL,"115379061",NULL
"Japan","Male","15-59","170626673","9448434","180075107","27780190","0","0","0","0","207855297",NULL,NULL,"207855297"
"Japan","Male",">60","39554998","2829091","42384089","47806873","0","0","0","0","90190962",NULL,"90190962",NULL
"Jersey","Female","15-59","19609","512","20121","7743","0","0","0","0","27864",NULL,NULL,"27864"
"Jersey","Female",">60","846","8","854","8180","0","0","0","0","9034",NULL,"9034",NULL
"Jersey","Male","15-59","23153","993","24146","3082","0","0","0","0","27228",NULL,NULL,"27228"
"Jersey","Male",">60","1835","36","1871","5027","0","0","0","0","6898",NULL,"6898",NULL
"Jordan","Female","15-59","186105","133111","319216","1110602","0","0","0","0","1429818",NULL,NULL,"1429818"
"Jordan","Female",">60","939","14","953","128040","0","0","0","0","128993",NULL,"128993",NULL
"Jordan","Male","15-59","922351","199843","1122194","378261","0","0","0","0","1500455",NULL,NULL,"1500455"
"Jordan","Male",">60","28119","566","28685","106898","0","0","0","0","135583",NULL,"135583",NULL
"Kazakhstan","Female","15-59","1742215","1262023","3004238","1645608","0","0","0","0","4649846",NULL,NULL,"4649846"
"Kazakhstan","Female",">60","14196","44","14240","980924","0","0","0","0","995164",NULL,"995164",NULL
"Kazakhstan","Male","15-59","2377142","1064214","3441356","963388","0","0","0","0","4404744",NULL,NULL,"4404744"
"Kazakhstan","Male",">60","45499","4137","49636","560333","0","0","0","0","609969",NULL,"609969",NULL
"Kenya","Female","15-59","14782982","1842404","16625386","5645160","0","0","0","0","22270546",NULL,NULL,"22270546"
"Kenya","Female",">60","1417951","57592","1475543","263924","0","0","0","0","1739467",NULL,"1739467",NULL
"Kenya","Male","15-59","15306446","2317390","17623836","5994901","0","0","0","0","23618737",NULL,NULL,"23618737"
"Kenya","Male",">60","1293497","76703","1370200","202629","0","0","0","0","1572829",NULL,"1572829",NULL
"Kiribati","Female","15-59","0","0","0","0","3231","2113","30072","763","0",NULL,NULL,"0"
"Kiribati","Female","<15","0","0","0","0","10458","797","0","0","0","0",NULL,NULL
"Kiribati","Female",">60","0","0","0","0","0","0","3014","292","0",NULL,"0",NULL
"Kiribati","Male","15-59","0","0","0","0","2787","2795","28522","866","0",NULL,NULL,"0"
"Kiribati","Male","<15","0","0","0","0","10654","1283","0","0","0","0",NULL,NULL
"Kiribati","Male",">60","0","0","0","0","0","0","2222","123","0",NULL,"0",NULL
"Kuwait","Female","15-59","569725","29343","599068","346336","0","0","0","0","945404",NULL,NULL,"945404"
"Kuwait","Female",">60","3817","423","4240","14448","0","0","0","0","18688",NULL,"18688",NULL
"Kuwait","Male","15-59","1131264","34757","1166021","158822","0","0","0","0","1324843",NULL,NULL,"1324843"
"Kuwait","Male",">60","17216","224","17440","7822","0","0","0","0","25262",NULL,"25262",NULL
"Kyrgyzstan","Female","15-59","898708","126912","1025620","690867","0","0","0","0","1716487",NULL,NULL,"1716487"
"Kyrgyzstan","Female",">60","9260","808","10068","83299","0","0","0","0","93367",NULL,"93367",NULL
"Kyrgyzstan","Male","15-59","1176678","110901","1287579","389610","0","0","0","0","1677189",NULL,NULL,"1677189"
"Kyrgyzstan","Male",">60","20550","942","21492","51192","0","0","0","0","72684",NULL,"72684",NULL
"Lao People's Democratic Republic","Female","15-59","3844615","62797","3907412","784389","0","0","0","0","4691801",NULL,NULL,"4691801"
"Lao People's Democratic Republic","Female",">60","141832","5742","147574","320043","0","0","0","0","467617",NULL,"467617",NULL
"Lao People's Democratic Republic","Male","15-59","3800829","72857","3873686","709512","0","0","0","0","4583198",NULL,NULL,"4583198"
"Lao People's Democratic Republic","Male",">60","232378","3493","235871","192898","0","0","0","0","428769",NULL,"428769",NULL
"Latvia","Female","15-59","806986","151886","958872","393872","0","0","0","0","1352744",NULL,NULL,"1352744"
"Latvia","Female","<15","0","0","0","143644","0","0","0","0","143644","143644",NULL,NULL
"Latvia","Female",">60","55103","1935","57038","577815","0","0","0","0","634853",NULL,"634853",NULL
"Latvia","Male","15-59","762704","212425","975129","287839","0","0","0","0","1262968",NULL,NULL,"1262968"
"Latvia","Male","<15","0","0","0","150506","0","0","0","0","150506","150506",NULL,NULL
"Latvia","Male",">60","52947","2447","55394","279674","0","0","0","0","335068",NULL,"335068",NULL
"Lesotho","Female","15-59","380405","42966","423371","731599","0","0","0","0","1154970",NULL,NULL,"1154970"
"Lesotho","Female",">60","22977","519","23496","93863","0","0","0","0","117359",NULL,"117359",NULL
"Lesotho","Male","15-59","610811","79284","690095","438949","0","0","0","0","1129044",NULL,NULL,"1129044"
"Lesotho","Male",">60","36069","1114","37183","39316","0","0","0","0","76499",NULL,"76499",NULL
"Liberia","Female","15-59","412274","38161","450435","413070","0","0","0","0","863505",NULL,NULL,"863505"
"Liberia","Female",">60","32677","1460","34137","40586","0","0","0","0","74723",NULL,"74723",NULL
"Liberia","Male","15-59","460025","67267","527292","347146","0","0","0","0","874438",NULL,NULL,"874438"
"Liberia","Male",">60","45393","3625","49018","25159","0","0","0","0","74177",NULL,"74177",NULL
"Libya","Female","15-59","386700","89312","476012","0","0","0","0","0","476012",NULL,NULL,"476012"
"Libya","Female",">60","1453","7","1460","0","0","0","0","0","1460",NULL,"1460",NULL
"Libya","Male","15-59","911489","258048","1169537","0","0","0","0","0","1169537",NULL,NULL,"1169537"
"Libya","Male",">60","28844","227","29071","0","0","0","0","0","29071",NULL,"29071",NULL
"Liechtenstein","Female","15-59","0","0","0","0","1434","714","0","0","0",NULL,NULL,"0"
"Liechtenstein","Female","<15","0","0","0","0","0","0","0","0","0","0",NULL,NULL
"Liechtenstein","Female",">60","0","0","0","0","0","0","0","0","0",NULL,"0",NULL
"Liechtenstein","Male","15-59","0","0","0","0","1516","711","0","0","0",NULL,NULL,"0"
"Liechtenstein","Male","<15","0","0","0","0","0","0","0","0","0","0",NULL,NULL
"Liechtenstein","Male",">60","0","0","0","0","0","0","0","0","0",NULL,"0",NULL
"Malaysia","Female","15-59","0","0","0","0","2635542","47193","0","0","0",NULL,NULL,"0"
"Malaysia","Female","<15","0","0","0","0","2331721","211125","0","0","0","0",NULL,NULL
"Malaysia","Male","15-59","0","0","0","0","2772129","63491","0","0","0",NULL,NULL,"0"
"Malaysia","Male","<15","0","0","0","0","2469711","226214","0","0","0","0",NULL,NULL
"Mexico","Female","15-59","0","0","0","0","3160081","2323579","33373808","1752880","0",NULL,NULL,"0"
"Mexico","Female","<15","0","0","0","0","10210292","569177","0","0","0","0",NULL,NULL
"Mexico","Female",">60","0","0","0","0","0","0","2852439","970236","0",NULL,"0",NULL
"Mexico","Male","15-59","0","0","0","0","3113929","2384340","31575362","1167514","0",NULL,NULL,"0"
"Mexico","Male","<15","0","0","0","0","10462267","629632","0","0","0","0",NULL,NULL
"Mexico","Male",">60","0","0","0","0","0","0","2841292","576544","0",NULL,"0",NULL
"Mongolia","Female","15-59","0","0","0","0","143714","114684","871046","11306","0",NULL,NULL,"0"
"Mongolia","Female","<15","0","0","0","0","13666","9981","0","0","0","0",NULL,NULL
"Mongolia","Female",">60","0","0","0","0","0","0","62343","2225","0",NULL,"0",NULL
"Mongolia","Male","15-59","0","0","0","0","134318","157112","856713","15745","0",NULL,NULL,"0"
"Mongolia","Male","<15","0","0","0","0","216515","212917","0","0","0","0",NULL,NULL
"Mongolia","Male",">60","0","0","0","0","0","0","51549","900","0",NULL,"0",NULL
"Panama","Female","15-59","0","0","0","0","0","0","967320","46478","0",NULL,NULL,"0"
"Panama","Female","<15","0","0","0","0","0","0","0","0","0","0",NULL,NULL
"Panama","Female",">60","0","0","0","0","0","0","107989","18960","0",NULL,"0",NULL
"Panama","Male","15-59","0","0","0","0","0","0","980023","33828","0",NULL,NULL,"0"
"Panama","Male","<15","0","0","0","0","0","0","0","0","0","0",NULL,NULL
"Panama","Male",">60","0","0","0","0","0","0","108519","17872","0",NULL,"0",NULL
"Puerto Rico","Female","15-59","0","0","0","0","181859","89567","961051","58956","0",NULL,NULL,"0"
"Puerto Rico","Female",">60","0","0","0","0","0","0","257885","29855","0",NULL,"0",NULL
"Puerto Rico","Male","15-59","0","0","0","0","170327","107703","856855","71262","0",NULL,NULL,"0"
"Puerto Rico","Male",">60","0","0","0","0","0","0","207714","34285","0",NULL,"0",NULL
"Qatar","Female","15-59","0","0","0","0","15624","7859","281642","9793","0",NULL,NULL,"0"
"Qatar","Female","<15","0","0","0","0","26797","2482","0","0","0","0",NULL,NULL
"Qatar","Female",">60","0","0","0","0","0","0","5758","4059","0",NULL,"0",NULL
"Qatar","Male","15-59","0","0","0","0","15584","8598","1108768","37862","0",NULL,NULL,"0"
"Qatar","Male","<15","0","0","0","0","27877","2474","0","0","0","0",NULL,NULL
"Qatar","Male",">60","0","0","0","0","0","0","16171","2798","0",NULL,"0",NULL
"Russian Federation","Female","15-59","0","0","0","0","5829731","3982700","47548441","93558","0",NULL,NULL,"0"
"Russian Federation","Female","<15","0","0","0","0","5259202","527877","0","0","0","0",NULL,NULL
"Russian Federation","Female",">60","0","0","0","0","0","0","11066788","35735","0",NULL,"0",NULL
"Russian Federation","Male","15-59","0","0","0","0","5284162","4844255","44469504","116039","0",NULL,NULL,"0"
"Russian Federation","Male","<15","0","0","0","0","5504306","575945","0","0","0","0",NULL,NULL
"Russian Federation","Male",">60","0","0","0","0","0","0","6717676","14201","0",NULL,"0",NULL
"Saudi Arabia","Female","15-59","0","0","0","0","1475207","1005393","6838085","1002652","0",NULL,NULL,"0"
"Saudi Arabia","Female","<15","0","0","0","0","2117904","275538","0","0","0","0",NULL,NULL
"Saudi Arabia","Female",">60","0","0","0","0","0","0","58078","117826","0",NULL,"0",NULL
"Saudi Arabia","Male","15-59","0","0","0","0","1791792","1123662","10315859","779127","0",NULL,NULL,"0"
"Saudi Arabia","Male","<15","0","0","0","0","2364287","292698","0","0","0","0",NULL,NULL
"Saudi Arabia","Male",">60","0","0","0","0","0","0","197835","59650","0",NULL,"0",NULL
"Seychelles","Female","15-59","0","0","0","0","2654","4187","27095","582","0",NULL,NULL,"0"
"Seychelles","Female","<15","0","0","0","0","6246","207","0","0","0","0",NULL,NULL
"Seychelles","Female",">60","0","0","0","0","0","0","1105","193","0",NULL,"0",NULL
"Seychelles","Male","15-59","0","0","0","0","2140","5457","28332","1093","0",NULL,NULL,"0"
"Seychelles","Male","<15","0","0","0","0","6426","229","0","0","0","0",NULL,NULL
"Seychelles","Male",">60","0","0","0","0","0","0","1059","246","0",NULL,"0",NULL
"Singapore","Female","15-59","0","0","0","0","0","0","0","0","0",NULL,NULL,"0"
"Singapore","Female",">60","0","0","0","0","0","0","0","0","0",NULL,"0",NULL
"Singapore","Male","15-59","0","0","0","0","0","0","0","0","0",NULL,NULL,"0"
"Singapore","Male",">60","0","0","0","0","0","0","0","0","0",NULL,"0",NULL
"Tajikistan","Female","15-59","0","0","0","0","177000","666511","2251569","3512","0",NULL,NULL,"0"
"Tajikistan","Female","<15","0","0","0","0","689324","54131","0","0","0","0",NULL,NULL
"Tajikistan","Female",">60","0","0","0","0","0","0","89402","934","0",NULL,"0",NULL
"Tajikistan","Male","15-59","0","0","0","0","206686","652907","2255008","2677","0",NULL,NULL,"0"
"Tajikistan","Male","<15","0","0","0","0","724629","56779","0","0","0","0",NULL,NULL
"Tajikistan","Male",">60","0","0","0","0","0","0","92821","260","0",NULL,"0",NULL
"Thailand","Female","15-59","0","0","0","0","0","0","22058017","673830","0",NULL,NULL,"0"
"Thailand","Female","<15","0","0","0","0","0","0","0","0","0","0",NULL,NULL
"Thailand","Female",">60","0","0","0","0","0","0","2386335","93051","0",NULL,"0",NULL
"Thailand","Male","15-59","0","0","0","0","0","0","21198323","733846","0",NULL,NULL,"0"
"Thailand","Male","<15","0","0","0","0","0","0","0","0","0","0",NULL,NULL
"Thailand","Male",">60","0","0","0","0","0","0","2128249","79916","0",NULL,"0",NULL
"Zambia","Female","15-59","0","0","0","0","0","0","2620566","618574","0",NULL,NULL,"0"
"Zambia","Female","<15","0","0","0","0","0","0","0","0","0","0",NULL,NULL
"Zambia","Female",">60","0","0","0","0","0","0","44281","44175","0",NULL,"0",NULL
"Zambia","Male","15-59","0","0","0","0","0","0","2705787","312915","0",NULL,NULL,"0"
"Zambia","Male","<15","0","0","0","0","0","0","0","0","0","0",NULL,NULL
"Zambia","Male",">60","0","0","0","0","0","0","61354","12065","0",NULL,"0",NULL
"land Islands","Female","15-59","6050","107","6157","1514","0","0","0","0","7671",NULL,NULL,"7671"
"land Islands","Female","<15","0","0","0","2324","0","0","0","0","2324","2324",NULL,NULL
"land Islands","Female",">60","317","9","326","2755","0","0","0","0","3081",NULL,"3081",NULL
"land Islands","Male","15-59","6205","148","6353","1490","0","0","0","0","7843",NULL,NULL,"7843"
"land Islands","Male","<15","0","0","0","2467","0","0","0","0","2467","2467",NULL,NULL
"land Islands","Male",">60","351","5","356","2034","0","0","0","0","2390",NULL,"2390",NULL
